{
  "train_loss": [
    1.6553022167004576,
    1.2023553982240345,
    0.9776161467536874,
    0.873680068812239,
    0.8482903756132913,
    0.7895574781599395,
    0.7225851613447207,
    0.6787204933822701
  ],
  "val_loss": [
    1.3343528052593798,
    1.1014107161379876,
    0.98766624039792,
    0.98445625761722,
    0.9822551481267239,
    1.0149077500434631,
    1.037274440552326,
    1.0422648064633633
  ],
  "train_acc": [
    0.4194476409666283,
    0.4916570771001151,
    0.5397008055235903,
    0.5667433831990794,
    0.5701956271576525,
    0.5903337169159953,
    0.6098964326812428,
    0.6228423475258918
  ],
  "val_acc": [
    0.42953020134228187,
    0.4053691275167785,
    0.5020134228187919,
    0.49530201342281877,
    0.5154362416107383,
    0.5046979865771812,
    0.49530201342281877,
    0.5140939597315436
  ],
  "val_f1": [
    0.4050141229667215,
    0.41696567154428915,
    0.4885576129623735,
    0.48140079962262794,
    0.5035321191371945,
    0.4924872277173293,
    0.4843013213315868,
    0.5032418472261446
  ]
}